{"cameraMode":{"drawMode":2,"name":"Shaded Wireframe","section":"Shading Mode"},"sceneLighting":true,"audioPlay":false,"sceneViewState":{"m_AlwaysRefresh":true,"showFog":true,"showSkybox":true,"showFlares":true,"showImageEffects":true,"showParticleSystems":true,"showVisualEffectGraphs":true,"m_FxEnabled":true},"in2DMode":false,"pivot":{"x":-5.604405879974365,"y":26.606063842773439,"z":1205.2479248046875},"rotation":{"x":0.07286995649337769,"y":0.28808173537254336,"z":0.021992739289999009,"w":-0.9545796513557434},"size":26.757165908813478,"orthographic":false}